No,Stock,Prev,Open,High,Low,Last,Chg,Chg %,Freq,TVol,TVal (K),
"0","AALI","11,150","11,150","11,325","11,025","11,075","-75","-0.67","1,260","9,645","10,732,872",
"1","ABBA","59","59","61","58","60","1","1.69","339","31,741","189,633",
"2","ABMM","710","710","710","700","710","0","0.00","19","229","16,237",
"3","ACES","1,615","1,635","1,690","1,625","1,655","40","2.48","4,640","163,727","27,265,619",
"4","ACST","370","370","388","368","388","18","4.86","3,060","411,825","15,644,049",
"5","ADES","1,580","1,580","1,600","1,575","1,575","-5","-0.32","56","456","72,452",
"6","ADHI","1,385","1,400","1,470","1,355","1,415","30","2.17","3,604","146,893","20,790,913",
"7","ADMF","8,400","8,400","8,400","8,350","8,400","0","0.00","106","722","606,270",
"8","ADMG","161","163","167","162","166","5","3.11","341","9,075","150,128",
"9","ADRO","1,200","1,200","1,210","1,175","1,190","-10","-0.83","7,753","543,189","64,638,802",
"10","AGAR","416","410","410","400","400","-16","-3.85","13","43","1,721",
"11","AGII","1,515","1,515","1,520","1,410","1,410","-105","-6.93","6,412","299,040","42,530,887",
"12","AGRO","805","820","845","755","845","40","4.97","9,255","797,684","64,263,532",
"13","AGRS","208","208","212","204","204","-4","-1.92","40","132","2,752",
"14","AHAP","59","59","59","57","57","-2","-3.39","12","300","1,711",
"15","AIMS","130","130","160","129","129","-1","-0.77","42","535","7,129",
"16","AISA","272","276","276","256","266","-6","-2.21","5,772","1,034,433","27,144,686",
"17","AKKU","50","50","50","50","50","0","0.00","3","22","110",
"18","AKPI","480","480","480","480","480","0","0.00","2","16","768",
"19","AKRA","3,240","3,250","3,340","3,220","3,340","100","3.09","7,069","287,936","94,662,180",
"20","AKSI","610","615","640","570","620","10","1.64","226","8,678","540,604",
"21","ALDO","428","440","460","428","454","26","6.07","22","115","5,030",
"22","ALKA","266","286","286","266","266","0","0.00","9","25","667",
"23","ALMI","266","266","266","258","258","-8","-3.01","10","128","3,383",
"24","ALTO","308","308","308","306","306","-2","-0.65","4","6","184",
"25","AMAG","224","220","230","218","224","0","0.00","26","341","7,691",
"26","AMAN","324","324","324","324","324","0","0.00","19","1,157","37,486",
"27","AMAR","248","248","260","248","260","12","4.84","64","20,977","535,134",
"28","AMFG","2,850","2,900","2,900","2,900","2,900","50","1.75","1","5","1,450",
"29","AMIN","270","254","258","254","258","-12","-4.44","3","3","77",
"30","AMOR","3,190","3,200","3,220","3,200","3,220","30","0.94","267","5,821","1,868,508",
"31","AMRT","785","785","795","780","785","0","0.00","115","1,298","101,902",
"32","ANDI","53","53","53","52","53","0","0.00","189","35,679","185,751",
"33","ANJT","625","625","625","610","610","-15","-2.40","6","8","493",
"34","ANTM","2,420","2,390","2,520","2,320","2,460","40","1.65","74,111","6,626,760","1,606,217,367",
"35","APEX","620","580","580","580","580","-40","-6.45","34","371","21,518",
"36","APIC","815","815","830","810","825","10","1.23","832","52,997","4,346,465",
"37","APII","172","172","180","169","174","2","1.16","51","465","8,064",
"38","APLI","196","196","196","196","196","0","0.00","3","7","137",
"39","APLN","163","164","169","162","167","4","2.45","1,075","300,247","4,982,989",
"40","ARGO","1,740","1,890","2,160","1,790","1,800","60","3.45","25","103","19,975",
"41","ARII","218","238","238","210","214","-4","-1.83","15","57","1,238",
"42","ARKA","50","50","50","50","50","0","0.00","86","31,914","159,570",
"43","ARNA","685","705","720","685","705","20","2.92","289","22,237","1,580,295",
"44","ARTA","250","252","252","252","252","2","0.80","1","1","25",
"45","ARTI","50","50","50","50","50","0","0.00","4","6","30",
"46","ARTO","7,100","7,200","7,225","7,075","7,125","25","0.35","782","12,549","8,946,195",
"47","ASDM","880","905","905","880","880","0","0.00","3","5","447",
"48","ASGR","795","795","805","790","790","-5","-0.63","34","207","16,436",
"49","ASII","5,975","6,075","6,250","5,950","6,200","225","3.77","8,020","403,128","247,572,637",
"50","ASJT","210","210","216","208","214","4","1.90","30","1,213","25,952",
"51","ASMI","945","945","950","945","950","5","0.53","6","48","4,547",
"52","ASPI","69","69","69","66","68","-1","-1.45","55","2,587","17,327",
"53","ASPI-W","7","8","8","8","8","1","14.29","6","666","532",
"54","ASRI","210","210","216","204","216","6","2.86","2,573","425,453","9,033,784",
"55","ASSA","840","850","865","810","845","5","0.60","1,087","78,850","6,658,594",
"56","ATAP","102","112","112","100","102","0","0.00","31","1,081","10,953",
"57","ATIC","700","660","690","660","690","-10","-1.43","4","21","1,389",
"58","AUTO","1,035","1,030","1,065","1,015","1,065","30","2.90","305","7,249","747,616",
"59","AYLS","50","50","50","50","50","0","0.00","2","10","50",
"60","AYLS-W","1","1","2","1","1","0","0.00","61","90,248","13,333",
"61","BABP","50","50","50","50","50","0","0.00","27","15,943","79,715",
"62","BABP-W3","1","18","18","18","18","17","1,700.00","1","1","1",
"63","BACA","380","380","382","380","382","2","0.53","8","18","685",
"64","BAJA","117","112","121","112","120","3","2.56","76","1,842","21,904",
"65","BALI","710","730","730","730","730","20","2.82","4","5","365",
"66","BANK","187","252","252","252","252","65","34.76","20","1,643","41,403",
"67","BANK-W","186","250","250","250","250","64","34.41","45","14,523","363,075",
"68","BAPI","50","50","50","50","50","0","0.00","5","10","50",
"69","BAPI-W","2","2","2","1","2","0","0.00","14","14,986","2,997",
"70","BATA","615","610","615","610","615","0","0.00","2","6","368",
"71","BAYU","1,055","1,055","1,055","1,055","1,055","0","0.00","2","2","211",
"72","BBCA","34,000","35,000","35,000","34,500","34,775","775","2.28","5,591","52,349","182,221,422",
"73","BBHI","660","700","820","695","785","125","18.94","3,381","132,115","10,188,888",
"74","BBKP","464","472","494","462","494","30","6.47","15,162","2,826,065","135,173,657",
"75","BBLD","276","276","282","270","282","6","2.17","36","3,111","85,997",
"76","BBNI","5,900","6,050","6,150","5,975","6,125","225","3.81","9,105","408,541","248,552,667",
"77","BBRI","4,360","4,480","4,480","4,360","4,440","80","1.83","11,718","530,512","234,457,453",
"78","BBRM","50","50","50","50","50","0","0.00","3","12","60",
"79","BBSI","1,425","1,475","1,780","1,330","1,425","0","0.00","1,258","14,228","2,263,875",
"80","BBSS","85","86","88","83","85","0","0.00","113","3,414","28,639",
"81","BBSS-W","3","3","3","2","3","0","0.00","19","2,070","514",
"82","BBTN","1,740","1,780","1,800","1,710","1,745","5","0.29","8,332","597,902","104,850,474",
"83","BBYB","328","328","354","320","342","14","4.27","187","7,217","246,413",
"84","BCAP","137","138","142","136","138","1","0.73","24,689","361,171","5,018,345",
"85","BCIP","58","58","60","57","59","1","1.72","62","4,812","28,063",
"86","BDMN","2,990","3,020","3,110","2,990","3,100","110","3.68","809","15,272","4,647,426",
"87","BEEF","132","134","143","127","132","0","0.00","2,694","257,875","3,471,596",
"88","BEKS","74","70","78","70","76","2","2.70","2,203","1,061,853","8,012,128",
"89","BELL","151","151","152","151","151","0","0.00","65","10,189","153,855",
"90","BESS","238","240","240","240","240","2","0.84","4","77","1,848",
"91","BESS-W","116","116","116","81","90","-26","-22.41","4","43","376",
"92","BEST","150","152","162","150","158","8","5.33","2,050","588,333","9,203,553",
"93","BFIN","680","695","695","680","690","10","1.47","850","133,763","9,196,254",
"94","BGTG","68","68","72","68","71","3","4.41","129","16,960","119,255",
"95","BHAT","670","675","690","665","665","-5","-0.75","3,312","1,840,509","125,077,318",
"96","BHIT","57","59","59","56","58","1","1.75","18,405","431,318","2,495,002",
"97","BIKA","175","175","185","168","174","-1","-0.57","8","18","312",
"98","BINA","860","860","890","840","875","15","1.74","210","9,542","824,373",
"99","BIPI","50","50","50","50","50","0","0.00","13","6,409","32,045",
"100","BIPI-W","9","9","9","9","9","0","0.00","3","5,050","4,545",
"101","BIPP","50","50","50","50","50","0","0.00","2","11","55",
"102","BIRD","1,280","1,300","1,310","1,250","1,285","5","0.39","507","16,274","2,089,889",
"103","BISI","1,125","1,165","1,170","1,130","1,130","5","0.44","79","2,004","227,502",
"104","BJBR","1,480","1,520","1,550","1,475","1,545","65","4.39","3,913","107,454","16,362,246",
"105","BJTM","755","760","795","755","785","30","3.97","5,324","341,179","26,609,944",
"106","BKDP","50","50","50","50","50","0","0.00","2","3","15",
"107","BKSL","50","50","50","50","50","0","0.00","39","9,280","46,400",
"108","BKSW","100","99","104","97","102","2","2.00","9","80","807",
"109","BLTA","50","50","50","50","50","0","0.00","4","112","560",
"110","BLUE","705","710","715","705","710","5","0.71","83","858","60,770",
"111","BMAS","340","340","340","334","334","-6","-1.76","4","31","1,036",
"112","BMRI","6,475","6,600","6,625","6,500","6,575","100","1.54","7,256","333,046","218,645,800",
"113","BMSR","76","76","76","72","76","0","0.00","15","1,173","8,561",
"114","BMTR","268","270","274","264","270","2","0.75","1,943","474,579","12,812,230",
"115","BNBA","428","428","444","428","438","10","2.34","108","1,972","86,406",
"116","BNBR","50","50","50","50","50","0","0.00","8","109","545",
"117","BNGA","905","915","975","900","965","60","6.63","1,530","80,022","7,535,315",
"118","BNII","318","324","372","320","366","48","15.09","4,975","706,543","25,057,274",
"119","BNLI","2,290","2,300","2,390","2,170","2,370","80","3.49","644","11,832","2,678,271",
"120","BOGA","1,320","1,320","1,340","1,320","1,325","5","0.38","1,507","400,128","53,299,213",
"121","BOLA","264","270","280","248","264","0","0.00","558","183,349","4,903,921",
"122","BOLT","770","770","770","720","720","-50","-6.49","38","92","6,688",
"123","BOSS","109","110","128","107","119","10","9.17","3,310","538,995","6,422,958",
"124","BPTR","76","76","80","76","79","3","3.95","17","186","1,469",
"125","BRAM","5,000","5,000","5,000","5,000","5,000","0","0.00","3","10","5,000",
"126","BRIS","2,610","2,610","2,770","2,500","2,770","160","6.13","42,394","2,048,041","538,240,658",
"127","BRMS","84","86","88","84","86","2","2.38","1,016","1,208,414","10,352,923",
"128","BRNA","1,175","1,170","1,170","1,100","1,150","-25","-2.13","22","22","2,457",
"129","BRPT","1,145","1,150","1,165","1,065","1,130","-15","-1.31","12,678","793,192","88,471,211",
"130","BRPT-W","975","945","955","945","955","-20","-2.05","3","15","1,425",
"131","BSDE","1,145","1,170","1,180","1,140","1,175","30","2.62","1,320","85,692","9,955,090",
"132","BSIM","570","570","580","560","580","10","1.75","22","95","5,415",
"133","BSIM-W3","14","14","15","14","15","1","7.14","5","133","193",
"134","BSSR","1,560","1,560","1,560","1,500","1,500","-60","-3.85","15","37","5,566",
"135","BTEK","50","50","50","50","50","0","0.00","2","6","30",
"136","BTON","306","306","306","306","306","0","0.00","1","1","30",
"137","BTPN","2,760","2,760","2,820","2,700","2,790","30","1.09","25","205","57,140",
"138","BTPS","3,600","3,600","3,690","3,600","3,630","30","0.83","2,186","39,179","14,311,749",
"139","BUDI","98","99","100","98","99","1","1.02","67","1,822","18,089",
"140","BUKK","850","850","855","850","855","5","0.59","5","12","1,021",
"141","BULL","366","366","372","364","370","4","1.09","3,557","2,299,337","84,581,990",
"142","BULL-W2","170","170","170","155","155","-15","-8.82","3","230","3,583",
"143","BUMI","63","65","65","59","63","0","0.00","8,782","7,981,722","50,188,853",
"144","BUVA","51","51","51","50","51","0","0.00","19","109","553",
"145","BVIC","113","113","117","113","116","3","2.65","47","1,479","16,947",
"146","BWPT","114","117","117","113","116","2","1.75","851","258,217","2,972,210",
"147","BYAN","14,500","14,500","14,500","14,500","14,500","0","0.00","3","4","5,800",
"148","CAKK","61","62","63","61","62","1","1.64","73","5,640","34,928",
"149","CAMP","232","234","248","230","246","14","6.03","1,520","125,903","3,038,277",
"150","CANI","492","540","615","458","458","-34","-6.91","287","3,526","189,710",
"151","CARE","306","306","316","304","306","0","0.00","2,829","1,135,427","35,383,958",
"152","CARS","50","50","50","50","50","0","0.00","4","8","40",
"153","CASA","356","356","356","356","356","0","0.00","2","19","676",
"154","CASH","330","332","356","298","310","-20","-6.06","125","6,301","193,405",
"155","CASH-W","6","6","6","4","6","0","0.00","13","1,656","858",
"156","CASS","228","228","230","218","228","0","0.00","38","2,456","54,446",
"157","CBMF","438","458","458","424","424","-14","-3.20","7","17","736",
"158","CCSI","228","228","230","220","226","-2","-0.88","59","1,909","42,622",
"159","CEKA","1,795","1,805","1,805","1,800","1,805","10","0.56","31","121","21,817",
"160","CENT","156","156","156","152","156","0","0.00","72","12,513","192,105",
"161","CFIN","234","236","240","228","240","6","2.56","81","9,737","227,756",
"162","CINT","220","218","220","218","220","0","0.00","2","3","65",
"163","CITA","2,720","2,720","2,720","2,620","2,620","-100","-3.68","14","73","19,704",
"164","CITY","179","189","189","168","185","6","3.35","29","218","3,804",
"165","CITY-W","59","65","65","41","49","-10","-16.95","27","708","3,466",
"166","CLAY","1,450","1,355","1,440","1,355","1,440","-10","-0.69","4","14","1,910",
"167","CLEO","496","496","496","488","490","-6","-1.21","661","35,699","1,750,360",
"168","CLPI","775","775","795","765","795","20","2.58","30","1,518","119,424",
"169","CMNP","1,410","1,410","1,440","1,395","1,440","30","2.13","103","4,323","614,635",
"170","CMNP-W","450","450","480","450","480","30","6.67","22","3,763","169,338",
"171","CNTX","189","189","189","180","180","-9","-4.76","7","445","8,371",
"172","COCO","498","464","464","464","464","-34","-6.83","15","108","5,011",
"173","COCO-W","100","110","110","110","110","10","10.00","1","8","88",
"174","CPIN","6,000","6,025","6,075","5,925","5,975","-25","-0.42","1,097","14,643","8,789,565",
"175","CPRI","50","50","50","50","50","0","0.00","1","1","5",
"176","CPRO","50","50","50","50","50","0","0.00","2","2","10",
"177","CSIS","57","57","58","54","55","-2","-3.51","312","65,500","360,205",
"178","CSMI","1,100","1,150","1,195","1,025","1,050","-50","-4.55","7","10","1,104",
"179","CSRA","308","308","310","296","300","-8","-2.60","139","4,090","123,077",
"180","CTRA","955","960","970","950","960","5","0.52","1,464","68,586","6,587,907",
"181","CTTH","50","50","51","50","51","1","2.00","12","450","2,251",
"182","DADA","50","50","50","50","50","0","0.00","170","11,266","56,330",
"183","DADA-W","4","3","4","3","4","0","0.00","25","42,811","13,243",
"184","DAYA","388","400","400","362","362","-26","-6.70","9","20","751",
"185","DCII","7,975","7,425","7,425","7,425","7,425","-550","-6.90","61","304","225,720",
"186","DEAL","140","140","148","138","145","5","3.57","1,880","338,001","4,831,692",
"187","DEFI","1,675","1,680","1,685","1,680","1,680","5","0.30","8","54","9,079",
"188","DEWA","50","50","50","50","50","0","0.00","173","39,246","196,230",
"189","DFAM","171","171","179","171","171","0","0.00","9","45","778",
"190","DFAM-W","119","119","119","119","119","0","0.00","2","2","23",
"191","DGIK","50","50","50","50","50","0","0.00","2","101","505",
"192","DGNS","745","750","750","695","695","-50","-6.71","508","14,290","996,558",
"193","DIGI","398","376","376","374","374","-24","-6.03","3","5","187",
"194","DILD","208","208","216","206","214","6","2.88","694","154,336","3,250,373",
"195","DKFT","152","154","160","152","157","5","3.29","844","147,915","2,308,757",
"196","DLTA","3,800","3,740","3,850","3,700","3,820","20","0.53","90","387","145,688",
"197","DMAS","220","222","224","218","222","2","0.91","1,939","361,971","7,972,322",
"198","DMMX","262","264","268","254","256","-6","-2.29","1,725","259,032","6,734,871",
"199","DMND","910","900","900","900","900","-10","-1.10","4","4","360",
"200","DNAR","171","170","170","170","170","-1","-0.58","10","344","5,848",
"201","DOID","302","306","308","296","304","2","0.66","1,465","229,409","6,889,478",
"202","DPNS","276","264","264","262","262","-14","-5.07","4","9","236",
"203","DPUM","50","50","50","50","50","0","0.00","6","227","1,135",
"204","DSFI","66","66","66","64","65","-1","-1.52","27","531","3,453",
"205","DSNG","565","565","570","560","570","5","0.88","585","130,214","7,375,309",
"206","DUCK","288","270","306","270","296","8","2.78","2,811","309,579","9,222,324",
"207","DUTI","3,770","3,660","3,660","3,650","3,650","-120","-3.18","5","10","3,659",
"208","DVLA","2,410","2,410","2,430","2,410","2,410","0","0.00","9","15","3,621",
"209","DWGL","170","170","170","168","168","-2","-1.18","3","4","67",
"210","DYAN","57","56","59","56","58","1","1.75","56","6,410","36,390",
"211","EAST","57","57","57","55","56","-1","-1.75","26","302","1,699",
"212","EAST-W","5","4","5","4","5","0","0.00","8","953","382",
"213","ECII","1,090","1,090","1,090","1,090","1,090","0","0.00","4","5","545",
"214","EKAD","1,190","1,190","1,235","1,190","1,205","15","1.26","81","1,134","138,103",
"215","ELSA","366","376","384","374","378","12","3.28","9,379","1,709,787","64,662,893",
"216","ELTY","50","50","50","50","50","0","0.00","6","245","1,225",
"217","EMTK","2,070","2,100","2,130","2,070","2,100","30","1.45","2,191","48,123","10,118,961",
"218","ENRG","107","107","112","107","110","3","2.80","1,589","586,389","6,465,234",
"219","ENZO","50","50","50","50","50","0","0.00","19","260","1,300",
"220","ENZO-W","7","7","7","5","6","-1","-14.29","6","1,372","699",
"221","EPAC","73","74","77","72","74","1","1.37","42","1,203","8,893",
"222","EPMT","2,100","2,100","2,250","2,100","2,210","110","5.24","19","66","14,258",
"223","ERAA","2,690","2,710","2,930","2,690","2,870","180","6.69","4,546","208,630","59,292,120",
"224","ERTX","114","113","113","113","113","-1","-0.88","1","14","158",
"225","ESIP","72","74","76","72","75","3","4.17","481","73,398","542,851",
"226","ESIP-W","6","6","6","5","5","-1","-16.67","5","3,654","2,062",
"227","ESSA","230","234","236","222","232","2","0.87","845","105,986","2,437,164",
"228","ESTA","107","105","110","100","104","-3","-2.80","83","3,981","41,517",
"229","ESTI","72","67","67","67","67","-5","-6.94","37","1,621","10,860",
"230","EXCL","2,270","2,310","2,340","2,260","2,330","60","2.64","2,057","102,886","23,694,249",
"231","FAPA","2,450","2,450","2,450","2,430","2,430","-20","-0.82","8","59","14,346",
"232","FAST","1,010","1,010","1,015","1,010","1,015","5","0.50","6","47","4,752",
"233","FILM","324","324","324","302","302","-22","-6.79","722","39,047","1,179,223",
"234","FIRE","585","580","650","545","560","-25","-4.27","4,153","207,599","12,078,774",
"235","FITT","89","89","99","85","93","4","4.49","64","666","6,181",
"236","FITT-W","27","33","34","30","32","5","18.52","13","392","1,247",
"237","FMII","650","650","650","605","605","-45","-6.92","18","46","2,846",
"238","FOOD","98","100","100","98","100","2","2.04","49","1,427","14,205",
"239","FORU","100","101","101","95","95","-5","-5.00","6","29","276",
"240","FORZ","50","50","50","50","50","0","0.00","1","3","15",
"241","FPNI","222","224","236","220","224","2","0.90","1,249","128,003","2,922,444",
"242","FREN","59","59","60","58","58","-1","-1.69","1,903","619,439","3,616,336",
"243","FREN-W","31","32","32","30","31","0","0.00","31","574","1,790",
"244","FUJI","120","120","120","115","118","-2","-1.67","4","6","71",
"245","GAMA","50","50","50","50","50","0","0.00","2","2","10",
"246","GDST","92","88","94","88","94","2","2.17","175","13,295","123,132",
"247","GEMA","348","348","348","324","348","0","0.00","6","302","10,507",
"248","GGRM","39,050","39,675","39,800","39,075","39,275","225","0.58","1,341","4,144","16,310,785",
"249","GGRP","352","360","360","350","350","-2","-0.57","5","281","10,115",
"250","GHON","1,800","1,800","1,800","1,800","1,800","0","0.00","3","4","720",
"251","GIAA","324","326","336","318","330","6","1.85","2,381","236,404","7,773,558",
"252","GJTL","775","805","805","775","790","15","1.94","1,417","77,441","6,117,359",
"253","GLVA","360","360","360","354","354","-6","-1.67","6","221","7,859",
"254","GMFI","113","113","121","111","118","5","4.42","1,562","295,258","3,447,998",
"255","GOLD","250","250","252","236","252","2","0.80","10","30","750",
"256","GOOD","1,250","1,250","1,280","1,250","1,280","30","2.40","242","5,730","723,907",
"257","GPRA","61","61","68","61","63","2","3.28","36","4,868","30,710",
"258","GSMF","118","117","117","113","113","-5","-4.24","3","3","34",
"259","GWSA","127","127","127","123","123","-4","-3.15","17","166","2,107",
"260","GZCO","50","50","50","50","50","0","0.00","3","56","280",
"261","HDFA","120","120","128","120","128","8","6.67","2","3","37",
"262","HDIT","274","286","286","270","274","0","0.00","69","37,335","1,021,865",
"263","HEAL","4,050","4,060","4,130","4,030","4,070","20","0.49","396","7,715","3,139,795",
"264","HELI","208","208","208","196","196","-12","-5.77","2","2","40",
"265","HELI-W","2","2","2","1","2","0","0.00","14","8,442","1,638",
"266","HERO","945","940","945","940","945","0","0.00","2","5","472",
"267","HEXA","3,240","3,250","3,340","3,250","3,250","10","0.31","115","847","277,024",
"268","HITS","470","470","470","470","470","0","0.00","1","2","94",
"269","HKMU","87","88","91","87","91","4","4.60","421","80,924","725,262",
"270","HMSP","1,405","1,410","1,455","1,405","1,435","30","2.14","4,646","332,297","47,761,702",
"271","HOKI","950","950","975","950","960","10","1.05","1,071","104,198","10,036,851",
"272","HOMI","1,365","1,365","1,385","1,365","1,385","20","1.47","41","5,764","791,554",
"273","HOTL","50","50","50","50","50","0","0.00","1","1","5",
"274","HRME","50","50","51","50","50","0","0.00","103","23,158","116,037",
"275","HRTA","216","216","220","214","220","4","1.85","140","2,885","62,887",
"276","HRUM","6,075","6,050","6,325","5,850","6,200","125","2.06","3,921","73,652","45,275,352",
"277","IATA","50","50","50","50","50","0","0.00","1","1","5",
"278","IBFN","252","256","256","256","256","4","1.59","11","94","2,406",
"279","IBFN-W","4","3","5","3","5","1","25.00","2","228","68",
"280","ICBP","9,500","9,525","9,550","9,400","9,500","0","0.00","2,130","41,095","39,026,125",
"281","ICON","63","66","69","62","67","4","6.35","85","10,571","68,436",
"282","IDPR","280","262","300","262","268","-12","-4.29","16","2,136","63,560",
"283","IFII","142","134","144","134","141","-1","-0.70","27","1,092","15,422",
"284","IFSH","520","520","520","484","484","-36","-6.92","12","155","8,052",
"285","IGAR","342","348","350","342","348","6","1.75","23","101","3,508",
"286","IKAI","50","50","50","50","50","0","0.00","3","241","1,205",
"287","IKAN","99","99","103","95","96","-3","-3.03","763","68,844","685,001",
"288","IKBI","232","236","236","230","232","0","0.00","12","363","8,365",
"289","IMAS","1,020","1,040","1,080","1,005","1,050","30","2.94","1,579","85,687","8,915,875",
"290","IMJS","330","328","344","322","332","2","0.61","262","18,874","630,490",
"291","IMPC","1,450","1,450","1,470","1,435","1,455","5","0.34","338","16,244","2,363,532",
"292","INAF","3,010","3,080","3,370","3,030","3,160","150","4.98","4,124","79,483","25,512,757",
"293","INAI","322","322","328","310","328","6","1.86","20","188","6,002",
"294","INCF","65","65","65","61","63","-2","-3.08","65","13,468","82,926",
"295","INCI","880","880","915","860","900","20","2.27","26","168","14,975",
"296","INCO","5,900","6,025","6,100","5,750","5,900","0","0.00","5,473","137,343","81,570,865",
"297","INDF","6,325","6,375","6,425","6,325","6,375","50","0.79","2,022","37,829","24,065,020",
"298","INDO","121","120","123","120","121","0","0.00","17","1,046","12,752",
"299","INDO-W","19","20","20","20","20","1","5.26","5","462","924",
"300","INDR","2,750","2,830","2,840","2,650","2,700","-50","-1.82","29","390","107,283",
"301","INDS","1,860","1,915","1,915","1,870","1,895","35","1.88","8","49","9,172",
"302","INDX","51","50","50","50","50","-1","-1.96","5","24","120",
"303","INDY","1,435","1,435","1,440","1,395","1,415","-20","-1.39","1,890","96,714","13,671,453",
"304","INKP","13,375","13,375","13,650","13,150","13,375","0","0.00","2,679","35,235","47,154,170",
"305","INOV","139","149","149","139","139","0","0.00","15","197","2,790",
"306","INPC","67","67","75","66","73","6","8.96","512","71,244","505,950",
"307","INPC-W","5","5","5","4","5","0","0.00","39","27,830","13,914",
"308","INPP","680","680","680","680","680","0","0.00","1","1","68",
"309","INPS","7,200","7,200","7,200","7,200","7,200","0","0.00","2","4","2,880",
"310","INTA","169","166","172","160","172","3","1.78","28","500,323","8,480,216",
"311","INTD","98","98","109","98","108","10","10.20","18","385","4,138",
"312","INTP","14,475","14,300","14,400","14,050","14,250","-225","-1.55","951","13,354","19,073,915",
"313","IPCC","605","605","645","590","615","10","1.65","1,371","120,062","7,423,486",
"314","IPCM","322","324","336","322","328","6","1.86","1,637","151,056","4,950,750",
"315","IPOL","167","167","173","167","172","5","2.99","343","35,661","607,824",
"316","IPTV","278","280","280","274","276","-2","-0.72","14,972","176,074","4,879,748",
"317","IPTV-W","19","19","19","19","19","0","0.00","4","125","237",
"318","IRRA","1,730","1,750","2,000","1,730","1,840","110","6.36","15,762","595,709","112,598,869",
"319","ISAT","5,375","5,450","5,450","5,075","5,150","-225","-4.19","2,928","41,244","21,722,732",
"320","ISSP","175","176","184","175","183","8","4.57","724","84,881","1,528,508",
"321","ITIC","560","570","585","555","575","15","2.68","393","20,336","1,157,262",
"322","ITMA","655","655","655","655","655","0","0.00","1","2","131",
"323","ITMA-W","70","67","67","50","50","-20","-28.57","3","18","102",
"324","ITMG","12,075","12,050","12,050","11,525","11,675","-400","-3.31","4,993","35,802","42,102,512",
"325","JAST","234","218","226","218","218","-16","-6.84","1,779","530,557","11,590,745",
"326","JAYA","112","113","123","113","121","9","8.04","295","14,064","167,413",
"327","JAYA-W","3","4","4","3","3","0","0.00","36","15,162","4,577",
"328","JKON","304","302","302","290","300","-4","-1.32","41","3,408","101,214",
"329","JMAS","193","202","202","180","180","-13","-6.74","8","496","9,282",
"330","JPFA","1,405","1,425","1,425","1,385","1,420","15","1.07","1,834","79,758","11,252,435",
"331","JRPT","540","540","545","535","540","0","0.00","134","8,160","440,569",
"332","JSKY","188","190","208","186","190","2","1.06","6,751","2,139,430","41,596,915",
"333","JSMR","4,460","4,480","4,500","4,410","4,460","0","0.00","723","9,031","4,021,481",
"334","JSPT","825","835","835","835","835","10","1.21","1","93","7,765",
"335","JTPE","1,160","1,160","1,175","1,155","1,175","15","1.29","69","2,786","323,455",
"336","KAEF","3,230","3,300","3,720","3,270","3,470","240","7.43","16,197","414,033","145,345,819",
"337","KARW","66","64","66","62","66","0","0.00","9","16","101",
"338","KAYU","62","64","65","62","64","2","3.23","94","9,521","60,170",
"339","KBAG","50","50","50","50","50","0","0.00","1,168","101,437","507,185",
"340","KBAG-W","4","4","4","3","4","0","0.00","10","38,875","11,712",
"341","KBLI","400","400","408","400","404","4","1.00","180","8,152","329,404",
"342","KBLM","206","216","216","210","210","4","1.94","11","49","1,052",
"343","KDSI","755","780","780","780","780","25","3.31","1","7","546",
"344","KEEN","322","322","326","318","324","2","0.62","74","18,296","584,625",
"345","KEJU","1,395","1,400","1,400","1,355","1,395","0","0.00","33","564","78,286",
"346","KIAS","50","50","50","50","50","0","0.00","4","460","2,300",
"347","KICI","196","196","196","196","196","0","0.00","1","2","39",
"348","KIJA","160","160","172","160","171","11","6.88","1,027","188,913","3,192,332",
"349","KINO","2,290","2,380","2,380","2,290","2,300","10","0.44","59","822","188,995",
"350","KJEN","900","895","895","850","850","-50","-5.56","8","27","2,334",
"351","KKGI","302","302","310","294","304","2","0.66","51","1,373","41,043",
"352","KLBF","1,520","1,525","1,575","1,525","1,550","30","1.97","5,119","299,099","46,385,341",
"353","KMDS","530","580","580","496","496","-34","-6.42","3","8","412",
"354","KMTR","358","360","360","346","346","-12","-3.35","2","5","178",
"355","KOBX","115","118","121","115","120","5","4.35","13","396","4,571",
"356","KOIN","150","150","150","140","140","-10","-6.67","26","348","4,883",
"357","KONI","300","298","298","282","282","-18","-6.00","2","2","58",
"358","KOPI","520","525","530","525","530","10","1.92","9","51","2,687",
"359","KOTA","735","735","775","710","720","-15","-2.04","1,869","253,403","18,526,239",
"360","KOTA-W","660","660","670","650","660","0","0.00","25","329","21,949",
"361","KPAL","50","50","50","50","50","0","0.00","3","21","105",
"362","KPAS","56","56","61","56","58","2","3.57","640","55,213","324,183",
"363","KPAS-W","19","11","21","11","13","-6","-31.58","19","809","1,522",
"364","KPIG","103","104","106","100","102","-1","-0.97","22,148","215,276","2,229,139",
"365","KRAS","605","610","655","595","640","35","5.79","4,765","658,816","41,445,383",
"366","KREN","74","75","80","74","76","2","2.70","271","104,186","806,717",
"367","LAND","181","175","178","169","169","-12","-6.63","211","5,029","86,054",
"368","LEAD","50","50","50","50","50","0","0.00","6","72","360",
"369","LINK","2,900","2,950","3,120","2,870","3,100","200","6.90","1,205","41,295","12,352,857",
"370","LION","356","352","352","352","352","-4","-1.12","1","1","35",
"371","LMAS","50","50","50","50","50","0","0.00","3","11","55",
"372","LMPI","132","137","154","123","123","-9","-6.82","6,722","719,271","10,359,062",
"373","LMSH","372","360","360","360","360","-12","-3.23","1","1","36",
"374","LPCK","1,180","1,180","1,215","1,160","1,185","5","0.42","229","5,714","680,279",
"375","LPGI","3,300","3,240","3,530","3,230","3,300","0","0.00","15","104","34,470",
"376","LPIN","250","258","258","238","240","-10","-4.00","3","13","329",
"377","LPKR","185","185","202","183","198","13","7.03","2,654","959,932","18,780,798",
"378","LPLI","80","77","78","77","78","-2","-2.50","3","52","400",
"379","LPPF","1,165","1,165","1,180","1,110","1,155","-10","-0.86","743","37,625","4,331,223",
"380","LPPS","80","75","85","75","80","0","0.00","9","617","4,938",
"381","LRNA","184","180","180","172","172","-12","-6.52","2","2","35",
"382","LSIP","1,320","1,320","1,335","1,280","1,310","-10","-0.76","2,798","115,451","15,153,971",
"383","LTLS","500","500","520","496","498","-2","-0.40","28","480","23,909",
"384","LUCK","122","128","128","120","123","1","0.82","89","4,542","55,201",
"385","MAIN","670","675","685","660","675","5","0.75","400","18,278","1,232,967",
"386","MAMI","50","50","50","50","50","0","0.00","5","1,521","7,605",
"387","MAMI-W","3","3","3","3","3","0","0.00","8","12,668","3,800",
"388","MAPA","2,490","2,500","2,500","2,470","2,470","-20","-0.80","82","1,560","387,149",
"389","MAPB","1,340","1,340","1,340","1,340","1,340","0","0.00","3","4","536",
"390","MAPI","760","765","775","750","765","5","0.66","1,112","58,952","4,498,590",
"391","MARI","95","94","96","92","95","0","0.00","332","149,586","1,414,095",
"392","MARK","1,005","1,015","1,025","1,000","1,000","-5","-0.50","315","13,597","1,380,303",
"393","MASA","1,275","1,275","1,380","1,275","1,365","90","7.06","16","150","20,375",
"394","MAYA","5,000","5,000","5,000","5,000","5,000","0","0.00","11","52","26,000",
"395","MBAP","2,770","2,720","2,740","2,700","2,740","-30","-1.08","17","308","83,997",
"396","MBSS","416","418","426","416","422","6","1.44","244","12,256","513,724",
"397","MBTO","104","104","104","97","101","-3","-2.88","21","492","4,775",
"398","MCAS","4,250","4,250","4,250","4,200","4,200","-50","-1.18","39","4,280","1,818,029",
"399","MCOR","126","128","132","124","132","6","4.76","1,034","367,843","4,737,268",
"400","MDIA","56","55","58","54","58","2","3.57","17","1,185","6,523",
"401","MDKA","2,630","2,600","2,680","2,550","2,570","-60","-2.28","7,078","483,133","125,722,159",
"402","MDKI","214","220","236","218","224","10","4.67","217","17,889","406,103",
"403","MEDC","675","700","715","690","695","20","2.96","12,836","1,581,059","110,647,617",
"404","MEGA","8,925","8,650","8,875","8,650","8,700","-225","-2.52","29","71","61,787",
"405","MERK","3,050","3,050","3,180","3,050","3,110","60","1.97","19","78","24,222",
"406","META","146","146","157","143","152","6","4.11","748","127,243","1,921,439",
"407","MFIN","1,060","1,095","1,095","1,095","1,095","35","3.30","1","1","109",
"408","MFMI","585","555","605","555","595","10","1.71","92","485","29,050",
"409","MGRO","765","765","775","765","770","5","0.65","243","15,411","1,188,778",
"410","MICE","288","288","290","280","290","2","0.69","21","323","9,192",
"411","MIKA","3,200","3,200","3,220","3,100","3,180","-20","-0.62","3,959","266,535","84,746,084",
"412","MIRA","50","50","50","50","50","0","0.00","2","11","55",
"413","MLBI","8,825","8,850","8,900","8,850","8,900","75","0.85","8","49","43,370",
"414","MLIA","585","590","605","590","600","15","2.56","155","31,107","1,856,844",
"415","MLPL","63","63","63","61","63","0","0.00","67","9,573","59,338",
"416","MLPT","855","860","865","845","860","5","0.58","43","1,422","122,224",
"417","MMLP","296","296","298","294","298","2","0.68","264","41,153","1,223,054",
"418","MNCN","1,065","1,080","1,115","1,065","1,095","30","2.82","2,984","267,823","29,190,024",
"419","MPMX","510","515","540","510","535","25","4.90","1,616","192,535","10,122,328",
"420","MPOW","53","53","53","50","53","0","0.00","126","14,748","74,628",
"421","MPPA","130","122","125","121","121","-9","-6.92","143","12,558","152,023",
"422","MRAT","156","159","162","158","158","2","1.28","32","198","3,164",
"423","MSIN","177","177","179","167","172","-5","-2.82","11,084","88,156","1,566,541",
"424","MSKY","665","670","670","670","670","5","0.75","1","1,000","67,000",
"425","MTDL","1,480","1,480","1,525","1,480","1,515","35","2.36","78","1,816","273,401",
"426","MTFN","50","50","50","50","50","0","0.00","2","21","105",
"427","MTLA","420","430","430","420","420","0","0.00","10","52","2,203",
"428","MTPS","100","100","111","93","95","-5","-5.00","727","87,193","831,359",
"429","MTSM","173","173","173","173","173","0","0.00","2","4","69",
"430","MTWI","57","57","57","57","57","0","0.00","6","127","723",
"431","MYOH","1,280","1,280","1,280","1,260","1,280","0","0.00","11","52","6,638",
"432","MYOR","2,640","2,680","2,680","2,550","2,560","-80","-3.03","3,104","50,183","13,037,890",
"433","NATO","580","585","595","575","580","0","0.00","4,470","2,369,189","138,101,478",
"434","NELY","138","138","138","138","138","0","0.00","1","1","13",
"435","NFCX","1,905","1,905","1,905","1,905","1,905","0","0.00","2","4","762",
"436","NICK","268","270","270","266","266","-2","-0.75","2","2","53",
"437","NIKL","1,250","1,255","1,320","1,250","1,280","30","2.40","763","17,596","2,241,111",
"438","NISP","830","840","845","825","830","0","0.00","92","3,447","286,255",
"439","NOBU","740","740","740","740","740","0","0.00","3","20","1,480",
"440","NRCA","354","354","356","354","356","2","0.56","11","508","18,084",
"441","NZIA","156","153","169","153","163","7","4.49","15","52","840",
"442","OASA","350","350","350","350","350","0","0.00","1","5","175",
"443","OKAS","88","88","90","87","90","2","2.27","102","8,218","73,187",
"444","OPMS","296","298","304","298","302","6","2.03","614","41,915","1,265,559",
"445","PADI","50","50","50","50","50","0","0.00","2","4","20",
"446","PALM","330","330","334","326","326","-4","-1.21","126","906","29,782",
"447","PAMG","89","90","91","89","91","2","2.25","60","2,967","26,650",
"448","PANI","124","125","125","116","118","-6","-4.84","26","609","7,176",
"449","PANR","113","115","145","108","136","23","20.35","218","16,893","212,298",
"450","PANS","1,270","1,300","1,300","1,230","1,295","25","1.97","106","2,180","277,613",
"451","PBID","1,480","1,505","1,510","1,495","1,510","30","2.03","25","224","33,688",
"452","PBRX","192","194","206","189","199","7","3.65","502","44,672","883,494",
"453","PBSA","490","500","500","484","484","-6","-1.22","5","15","734",
"454","PCAR","386","386","386","360","360","-26","-6.74","84","983","35,464",
"455","PDES","374","354","354","354","354","-20","-5.35","3","27","955",
"456","PEGE","124","123","123","116","116","-8","-6.45","8","346","4,020",
"457","PEHA","1,295","1,305","1,450","1,305","1,385","90","6.95","504","8,130","1,130,538",
"458","PGAS","1,470","1,470","1,540","1,445","1,520","50","3.40","18,834","1,651,778","248,929,327",
"459","PGJO","57","62","62","57","57","0","0.00","9","183","1,051",
"460","PGLI","216","204","210","204","206","-10","-4.63","3","111","2,290",
"461","PGUN","250","262","312","250","308","58","23.20","47","506","14,635",
"462","PICO","142","145","151","142","149","7","4.93","76","1,602","23,657",
"463","PJAA","520","520","530","520","520","0","0.00","55","881","46,019",
"464","PKPK","50","50","52","50","50","0","0.00","37","7,953","40,225",
"465","PLAN","121","121","132","121","127","6","4.96","1,589","191,175","2,428,852",
"466","PLAN-W","5","5","5","4","5","0","0.00","62","67,051","32,468",
"467","PMJS","113","118","118","113","116","3","2.65","28","2,509","29,273",
"468","PMMP","262","260","278","258","260","-2","-0.76","444","39,624","1,058,168",
"469","PNBN","1,000","1,000","1,055","1,000","1,045","45","4.50","601","71,752","7,425,618",
"470","PNBS","69","69","73","68","72","3","4.35","417","51,946","370,650",
"471","PNGO","1,065","1,115","1,115","1,065","1,065","0","0.00","3","134","14,276",
"472","PNIN","820","825","845","820","825","5","0.61","39","1,413","117,733",
"473","PNLF","228","230","234","224","232","4","1.75","524","130,233","2,989,208",
"474","PNSE","615","615","615","615","615","0","0.00","1","1","61",
"475","POLA","79","74","77","74","74","-5","-6.33","41","2,946","21,801",
"476","POLI","835","845","845","785","785","-50","-5.99","10","47","3,718",
"477","POLL","3,930","3,900","3,930","3,850","3,930","0","0.00","420","5,379","2,079,739",
"478","POLU","645","645","725","645","645","0","0.00","8","24","1,557",
"479","POLY","54","54","55","51","55","1","1.85","34","1,540","8,313",
"480","POWR","710","710","720","705","715","5","0.70","811","26,700","1,899,643",
"481","PPGL","111","111","114","111","113","2","1.80","291","37,912","428,119",
"482","PPGL-W","8","8","9","8","9","1","12.50","8","3,478","2,786",
"483","PPRE","202","208","212","200","210","8","3.96","473","57,046","1,175,602",
"484","PPRO","74","75","77","73","75","1","1.35","1,596","647,781","4,851,439",
"485","PRAS","140","140","160","140","156","16","11.43","28","188","2,985",
"486","PRDA","3,390","3,370","3,390","3,360","3,380","-10","-0.29","28","72","24,333",
"487","PRIM","204","204","224","200","212","8","3.92","53","1,495","30,767",
"488","PRIM-W","4","4","4","3","4","0","0.00","14","164","63",
"489","PSAB","222","222","224","216","218","-4","-1.80","501","72,623","1,593,354",
"490","PSDN","108","108","118","108","113","5","4.63","11","9,766","112,717",
"491","PSGO","101","101","102","100","102","1","0.99","18","1,399","14,120",
"492","PSSI","166","166","167","164","166","0","0.00","113","24,722","406,882",
"493","PTBA","2,490","2,490","2,500","2,400","2,430","-60","-2.41","12,101","497,465","120,983,501",
"494","PTDU","915","935","1,140","855","860","-55","-6.01","265","3,471","361,511",
"495","PTPP","1,670","1,710","1,750","1,650","1,705","35","2.10","5,575","416,537","70,994,255",
"496","PTPW","1,290","1,290","1,310","1,290","1,295","5","0.39","220","6,773","880,803",
"497","PTRO","1,795","1,850","1,855","1,815","1,850","55","3.06","231","2,816","518,544",
"498","PTSN","191","191","196","191","195","4","2.09","79","3,285","63,858",
"499","PTSP","3,350","3,340","3,340","3,340","3,340","-10","-0.30","1","15","5,010",
"500","PURA","116","116","117","114","117","1","0.86","3,721","6,088,430","70,625,434",
"501","PURA-W","20","20","21","20","20","0","0.00","16","5,182","10,480",
"502","PURE","158","158","198","154","189","31","19.62","5,642","1,726,653","31,360,986",
"503","PURE-W","13","13","17","12","16","3","23.08","182","79,139","120,801",
"504","PWON","496","505","510","498","500","4","0.81","2,659","182,276","9,138,977",
"505","PYFA","1,010","1,015","1,080","1,000","1,015","5","0.50","1,872","59,876","6,188,294",
"506","PZZA","685","685","715","685","705","20","2.92","85","5,209","365,852",
"507","R-LQ45X","985","985","999","985","999","14","1.42","9","85","8,460",
"508","RAJA","177","181","214","181","199","22","12.43","6,397","812,135","16,249,050",
"509","RALS","655","655","675","650","660","5","0.76","2,054","145,678","9,614,430",
"510","RANC","432","436","438","432","436","4","0.93","41","758","33,044",
"511","RBMS","50","50","50","50","50","0","0.00","2","4","20",
"512","REAL","50","50","50","50","50","0","0.00","2","21","105",
"513","RELI","280","272","272","262","262","-18","-6.43","17","212","5,556",
"514","RICY","84","92","92","84","84","0","0.00","20","670","5,660",
"515","RIGS","244","250","258","246","250","6","2.46","11","143","3,579",
"516","RISE","426","426","426","424","426","0","0.00","5","116","4,941",
"517","RMBA","294","290","324","290","322","28","9.52","33","390","12,314",
"518","ROCK","880","850","850","840","840","-40","-4.55","4","6","507",
"519","RODA","51","51","52","51","52","1","1.96","17","1,495","7,673",
"520","RONY","170","170","170","169","170","0","0.00","5","74","1,254",
"521","ROTI","1,440","1,440","1,440","1,385","1,395","-45","-3.12","66","610","85,107",
"522","RUIS","246","244","244","230","234","-12","-4.88","21","557","12,879",
"523","SAFE","182","182","185","182","185","3","1.65","93","1,528","28,070",
"524","SAME","384","386","388","374","382","-2","-0.52","667","120,878","4,618,332",
"525","SAMF","398","398","398","398","398","0","0.00","1","2","79",
"526","SAPX","2,130","2,130","2,130","1,990","1,990","-140","-6.57","4","24","4,824",
"527","SATU","50","50","50","50","50","0","0.00","2","12","60",
"528","SBAT","92","86","89","86","86","-6","-6.52","452","88,142","758,650",
"529","SBAT-W","9","9","9","8","9","0","0.00","29","9,954","8,726",
"530","SCCO","9,600","9,700","9,700","9,500","9,500","-100","-1.04","15","32","30,850",
"531","SCMA","2,200","2,200","2,230","2,120","2,200","0","0.00","903","20,525","4,503,127",
"532","SCNP","252","246","246","246","246","-6","-2.38","3","622","15,301",
"533","SDMU","50","50","50","50","50","0","0.00","4","112","560",
"534","SDPC","110","111","112","109","110","0","0.00","20","876","9,694",
"535","SDRA","675","685","685","675","675","0","0.00","5","5","339",
"536","SFAN","1,275","1,325","1,340","1,270","1,280","5","0.39","121","4,115","526,382",
"537","SGER","645","645","655","610","615","-30","-4.65","491","19,197","1,221,681",
"538","SGER-W","398","380","392","302","392","-6","-1.51","6","17","641",
"539","SGRO","1,750","1,750","1,750","1,730","1,735","-15","-0.86","22","141","24,469",
"540","SHIP","620","620","630","615","620","0","0.00","100","4,314","268,475",
"541","SIDO","760","770","775","760","770","10","1.32","3,554","123,551","9,492,324",
"542","SILO","5,300","5,300","5,300","5,250","5,300","0","0.00","52","406","214,910",
"543","SIMP","404","404","408","398","402","-2","-0.50","451","45,929","1,847,586",
"544","SINI","330","350","350","322","322","-8","-2.42","3","11","364",
"545","SINI-W","165","190","190","190","190","25","15.15","1","1","19",
"546","SIPD","1,295","1,315","1,315","1,315","1,315","20","1.54","2","3","394",
"547","SKBM","352","350","370","350","352","0","0.00","4","30","1,087",
"548","SKLT","1,630","1,620","1,620","1,620","1,620","-10","-0.61","1","13","2,106",
"549","SKRN","755","760","840","760","790","35","4.64","1,105","23,842","1,867,355",
"550","SLIS","4,600","4,600","4,630","4,550","4,610","10","0.22","12","272","125,615",
"551","SMAR","3,700","3,700","3,700","3,650","3,650","-50","-1.35","11","90","32,865",
"552","SMBR","860","870","915","850","890","30","3.49","1,573","84,992","7,480,767",
"553","SMCB","1,775","1,775","1,800","1,720","1,750","-25","-1.41","99","2,298","401,355",
"554","SMDM","105","98","98","98","98","-7","-6.67","2","114","1,117",
"555","SMDR","282","282","282","268","276","-6","-2.13","228","14,547","401,012",
"556","SMGR","10,950","11,075","11,300","11,000","11,150","200","1.83","1,928","18,006","20,132,667",
"557","SMKL","198","198","199","198","198","0","0.00","89","13,035","258,103",
"558","SMKL-W","12","11","12","10","12","0","0.00","7","677","732",
"559","SMMA","12,000","11,925","11,925","11,750","11,750","-250","-2.08","5","7","8,282",
"560","SMMT","103","104","105","99","104","1","0.97","13","265","2,660",
"561","SMRA","720","725","735","715","725","5","0.69","2,048","93,406","6,778,557",
"562","SMSM","1,290","1,290","1,295","1,280","1,285","-5","-0.39","257","3,832","494,009",
"563","SOCI","193","185","206","185","196","3","1.55","1,374","212,980","4,189,487",
"564","SOFA","100","109","109","99","99","-1","-1.00","2","5","50",
"565","SOFA-W","3","2","3","2","3","0","0.00","7","27","5",
"566","SOHO","4,990","4,980","5,100","4,900","4,950","-40","-0.80","24","68","33,799",
"567","SOSS","318","338","338","316","316","-2","-0.63","3","4","129",
"568","SOSS-W","29","29","37","29","34","5","17.24","12","254","763",
"569","SOTS","294","294","302","294","296","2","0.68","409","20,461","610,477",
"570","SOTS-W","17","18","18","17","17","0","0.00","7","287","488",
"571","SPMA","300","296","298","296","298","-2","-0.67","5","18","535",
"572","SPTO","498","500","510","498","500","2","0.40","40","927","46,390",
"573","SQMI","312","312","322","312","320","8","2.56","152","14,547","464,545",
"574","SRAJ","162","162","162","156","162","0","0.00","8","405","6,536",
"575","SRIL","220","232","244","220","242","22","10.00","4,492","1,217,999","28,802,000",
"576","SRSN","54","55","55","54","55","1","1.85","30","2,485","13,510",
"577","SRTG","5,175","5,200","5,450","5,175","5,300","125","2.42","790","19,105","10,172,797",
"578","SSIA","466","468","505","468","505","39","8.37","5,185","1,087,650","53,361,885",
"579","SSMS","1,030","1,030","1,045","1,020","1,045","15","1.46","1,178","64,575","6,687,833",
"580","STAR","92","102","102","91","91","-1","-1.09","10","226","2,079",
"581","SURE","2,210","2,210","2,250","2,210","2,250","40","1.81","15","45","10,051",
"582","SWAT","96","97","99","96","99","3","3.12","13","957","9,310",
"583","TALF","242","268","270","268","268","26","10.74","4","4","107",
"584","TAMA","81","81","85","81","84","3","3.70","663","102,567","851,593",
"585","TAMA-W","6","5","6","5","6","0","0.00","4","153","76",
"586","TARA","50","50","50","50","50","0","0.00","2","2","10",
"587","TAXI","50","50","50","50","50","0","0.00","2","2","10",
"588","TBIG","2,520","2,430","2,440","2,350","2,400","-120","-4.76","7,290","1,033,209","245,997,674",
"589","TBLA","905","910","925","905","915","10","1.10","330","24,213","2,218,323",
"590","TBMS","1,040","1,035","1,035","1,015","1,020","-20","-1.92","3","3","307",
"591","TCID","6,350","6,350","6,350","6,350","6,350","0","0.00","6","83","52,705",
"592","TCPI","7,625","7,625","7,800","7,550","7,675","50","0.66","6,729","83,959","64,088,755",
"593","TDPM","118","120","127","114","119","1","0.85","125","5,851","69,206",
"594","TEBE","490","490","490","490","490","0","0.00","3","51","2,499",
"595","TFAS","440","422","424","410","412","-28","-6.36","66","3,624","148,682",
"596","TFCO","452","452","452","452","452","0","0.00","2","84","3,796",
"597","TGRA","180","182","195","179","184","4","2.22","2,412","383,870","7,180,263",
"598","TIFA","650","650","650","650","650","0","0.00","7","155","10,075",
"599","TINS","1,910","1,880","2,040","1,870","1,980","70","3.66","19,825","1,172,936","230,513,397",
"600","TIRT","50","56","56","50","50","0","0.00","17","2,051","10,263",
"601","TKIM","14,600","14,750","14,750","14,350","14,575","-25","-0.17","2,227","24,633","35,763,535",
"602","TLKM","3,270","3,250","3,310","3,220","3,300","30","0.92","7,851","349,682","114,382,553",
"603","TMAS","124","124","126","122","123","-1","-0.81","26","568","7,015",
"604","TMPO","170","171","171","170","170","0","0.00","3","22","374",
"605","TNCA","232","232","248","232","248","16","6.90","10","733","17,007",
"606","TOBA","505","535","540","530","540","35","6.93","35","3,588","193,267",
"607","TOPS","50","50","50","50","50","0","0.00","5","38","190",
"608","TOTL","346","348","356","348","354","8","2.31","107","2,743","96,536",
"609","TOTO","214","214","218","212","214","0","0.00","27","1,735","37,130",
"610","TOWR","1,005","1,020","1,030","1,000","1,025","20","1.99","6,386","872,450","88,802,610",
"611","TOYS","476","476","486","474","476","0","0.00","465","28,147","1,353,072",
"612","TOYS-W","7","7","7","6","7","0","0.00","8","3,453","2,416",
"613","TPIA","10,575","10,600","10,750","10,600","10,675","100","0.95","1,025","37,243","39,735,035",
"614","TPMA","825","825","835","825","825","0","0.00","7","627","51,827",
"615","TRIM","93","94","96","94","95","2","2.15","34","5,694","53,987",
"616","TRIN","188","190","199","190","195","7","3.72","606","113,457","2,201,199",
"617","TRIN-W","10","9","10","9","10","0","0.00","16","15,592","14,033",
"618","TRIS","106","104","113","100","103","-3","-2.83","37","565","5,785",
"619","TRJA","177","187","187","172","176","-1","-0.56","56","1,581","27,623",
"620","TRST","398","398","398","398","398","0","0.00","2","4","159",
"621","TRUK","276","276","286","274","276","0","0.00","477","29,104","814,667",
"622","TRUS","338","344","344","344","344","6","1.78","1","1","34",
"623","TSPC","1,445","1,460","1,520","1,450","1,495","50","3.46","578","14,588","2,182,584",
"624","TUGU","1,645","1,615","1,615","1,615","1,615","-30","-1.82","10","302","48,773",
"625","UANG","210","230","230","196","196","-14","-6.67","6","288","5,763",
"626","UCID","1,445","1,460","1,470","1,460","1,460","15","1.04","28","125","18,289",
"627","UFOE","183","246","246","246","246","63","34.43","4","51","1,254",
"628","ULTJ","1,540","1,540","1,570","1,540","1,560","20","1.30","295","4,833","753,781",
"629","UNIC","4,040","4,120","4,120","4,120","4,120","80","1.98","1","1","412",
"630","UNIT","153","143","149","143","146","-7","-4.58","14","203","2,912",
"631","UNSP","117","120","120","113","117","0","0.00","39","562","6,464",
"632","UNTR","22,575","22,900","22,900","22,200","22,650","75","0.33","3,817","27,321","61,685,760",
"633","UNVR","7,000","7,100","7,325","7,000","7,200","200","2.86","4,194","72,575","51,723,705",
"634","URBN","462","480","480","432","462","0","0.00","16","1,030","47,570",
"635","URBN-W","8","8","9","8","9","1","12.50","2","5","4",
"636","VICI","394","394","404","394","398","4","1.02","567","43,113","1,721,143",
"637","VICO","79","79","80","79","80","1","1.27","14","310","2,459",
"638","VINS","86","90","90","88","89","3","3.49","12","47","420",
"639","VIVA","50","50","50","50","50","0","0.00","17","659","3,295",
"640","VOKS","212","228","228","208","212","0","0.00","23","284","6,025",
"641","WAPO","69","69","69","65","65","-4","-5.80","12","177","1,174",
"642","WEGE","212","214","224","212","220","8","3.77","1,589","333,384","7,300,621",
"643","WEHA","57","57","58","57","57","0","0.00","54","3,773","21,611",
"644","WICO","428","416","428","416","428","0","0.00","7","22","938",
"645","WIFI","635","635","655","635","655","20","3.15","298","65,860","4,248,554",
"646","WIFI-W","75","90","90","70","82","7","9.33","10","327","2,819",
"647","WIIM","535","540","565","535","560","25","4.67","2,292","289,888","15,996,554",
"648","WIKA","1,905","1,930","2,030","1,900","1,980","75","3.94","9,665","526,615","103,668,295",
"649","WINS","99","101","104","97","100","1","1.01","51","3,017","29,753",
"650","WMUU","242","302","302","256","302","60","24.79","51,458","8,193,711","241,057,436",
"651","WOMF","244","242","260","242","254","10","4.10","53","1,338","34,240",
"652","WOOD","610","610","625","610","620","10","1.64","371","25,922","1,602,474",
"653","WOWS","56","56","61","54","56","0","0.00","1,350","258,710","1,490,149",
"654","WSBP","250","256","264","248","256","6","2.40","4,833","972,654","24,840,116",
"655","WSKT","1,400","1,400","1,490","1,390","1,440","40","2.86","15,307","1,257,904","181,385,625",
"656","WTON","344","350","360","342","356","12","3.49","1,633","256,237","9,054,014",
"657","XBNI","1,015","1,027","1,027","1,027","1,027","12","1.18","2","10","1,027",
"658","XCID","84","80","84","80","84","0","0.00","13","23","188",
"659","XCLQ","96","96","98","96","98","2","2.08","3","13","125",
"660","XDSG","960","963","963","963","963","3","0.31","1","5","481",
"661","XIHD","454","454","454","454","454","0","0.00","2","2","90",
"662","XIIC","1,017","1,025","1,025","1,025","1,025","8","0.79","1","1","102",
"663","XIIF","577","582","582","582","582","5","0.87","1","1","58",
"664","XIIT","519","519","519","519","519","0","0.00","5","6","311",
"665","XIJI","644","644","650","644","650","6","0.93","2","3","194",
"666","XILV","113","113","114","113","114","1","0.88","3","3","34",
"667","XIML","255","253","253","253","253","-2","-0.78","2","2","50",
"668","XIPI","179","179","179","179","179","0","0.00","1","40","716",
"669","XISC","770","785","785","782","782","12","1.56","3","31","2,431",
"670","XISI","335","333","333","326","326","-9","-2.69","2","12","398",
"671","XISR","381","381","381","381","381","0","0.00","5","111","4,229",
"672","XKMS","1,038","1,041","1,050","1,041","1,050","12","1.16","7","7","732",
"673","XNVE","151","152","154","151","154","3","1.99","8","307","4,667",
"674","XPTD","540","510","510","510","510","-30","-5.56","2","2","102",
"675","XSSI","90","88","88","88","88","-2","-2.22","3","23","202",
"676","YELO","51","51","51","50","50","-1","-1.96","22","2,654","13,466",
"677","YELO-W","5","6","6","6","6","1","20.00","4","1,352","811",
"678","YPAS","380","380","380","354","370","-10","-2.63","9","33","1,186",
"679","YULE","432","432","442","432","440","8","1.85","4","37","1,619",
"680","ZBRA","50","50","50","50","50","0","0.00","4","19","95",
"681","ZINC","129","130","131","126","129","0","0.00","3,022","691,841","8,907,796",
"682","ZONE","420","418","422","418","422","2","0.48","18","1,067","44,902",
